name,label
black/00000012.jpg,black
black/00000044.jpg,black
black/00000004.jpg,black
black/00000067.jpg,black
black/00000033.jpg,black
black/00000029.jpg,black
black/00000011.jpg,black
black/00000073.jpg,black
black/00000065.jpg,black
black/00000040.jpg,black
black/00000062.jpg,black
black/00000057.jpg,black
black/00000056.jpg,black
black/00000024.jpg,black
black/00000049.jpg,black
black/00000059.jpg,black
black/00000023.jpg,black
black/00000018.jpg,black
black/00000027.jpg,black
black/00000028.jpg,black
black/00000031.jpg,black
black/00000000.jpg,black
black/00000066.jpg,black
black/00000077.jpg,black
black/00000034.jpg,black
black/00000001.jpg,black
black/00000078.jpg,black
black/00000061.jpg,black
black/00000042.jpg,black
black/00000053.jpg,black
black/00000032.jpg,black
black/00000043.jpg,black
black/00000048.jpg,black
black/00000075.jpg,black
black/00000021.jpg,black
black/00000069.jpg,black
black/00000014.jpg,black
black/00000041.jpg,black
black/00000045.jpg,black
black/00000064.jpg,black
black/00000026.jpg,black
black/00000025.jpg,black
black/00000074.jpg,black
black/00000017.jpg,black
black/00000039.jpg,black
black/00000079.jpg,black
black/00000036.jpg,black
black/00000052.jpg,black
black/00000030.jpg,black
black/00000058.jpg,black
black/00000068.jpg,black
black/00000063.jpg,black
black/00000022.jpg,black
black/00000047.jpg,black
black/00000070.jpg,black
black/00000050.jpg,black
black/00000019.jpg,black
black/00000051.jpg,black
black/00000035.jpg,black
black/00000020.jpg,black
black/00000005.jpg,black
black/00000015.jpg,black
black/00000009.jpg,black
black/00000072.jpg,black
black/00000037.jpg,black
black/00000076.jpg,black
black/00000055.jpg,black
black/00000054.jpg,black
black/00000046.jpg,black
black/00000007.jpg,black
black/00000002.jpg,black
black/00000008.jpg,black
black/00000038.jpg,black
black/00000003.jpg,black
black/00000071.jpg,black
black/00000010.jpg,black
black/00000013.jpg,black
black/00000006.jpg,black
black/00000060.jpg,black
black/00000016.jpg,black
teddys/00000012.jpg,teddys
teddys/00000044.jpg,teddys
teddys/00000004.jpg,teddys
teddys/00000067.jpg,teddys
teddys/00000033.jpg,teddys
teddys/00000029.jpg,teddys
teddys/00000011.jpg,teddys
teddys/00000073.jpg,teddys
teddys/00000065.jpg,teddys
teddys/00000040.jpg,teddys
teddys/00000062.jpg,teddys
teddys/00000057.jpg,teddys
teddys/00000056.jpg,teddys
teddys/00000024.jpg,teddys
teddys/00000049.jpg,teddys
teddys/00000059.jpg,teddys
teddys/00000023.jpg,teddys
teddys/00000018.jpg,teddys
teddys/00000027.jpg,teddys
teddys/00000028.jpg,teddys
teddys/00000031.jpg,teddys
teddys/00000000.jpg,teddys
teddys/00000066.jpg,teddys
teddys/00000077.jpg,teddys
teddys/00000034.jpg,teddys
teddys/00000001.jpg,teddys
teddys/00000078.jpg,teddys
teddys/00000061.jpg,teddys
teddys/00000042.jpg,teddys
teddys/00000053.jpg,teddys
teddys/00000032.jpg,teddys
teddys/00000043.jpg,teddys
teddys/00000048.jpg,teddys
teddys/00000075.jpg,teddys
teddys/00000021.jpg,teddys
teddys/00000069.jpg,teddys
teddys/00000014.jpg,teddys
teddys/00000041.jpg,teddys
teddys/00000045.jpg,teddys
teddys/00000064.jpg,teddys
teddys/00000026.jpg,teddys
teddys/00000025.jpg,teddys
teddys/00000074.jpg,teddys
teddys/00000017.jpg,teddys
teddys/00000039.jpg,teddys
teddys/00000079.jpg,teddys
teddys/00000036.jpg,teddys
teddys/00000052.jpg,teddys
teddys/00000030.jpg,teddys
teddys/00000058.jpg,teddys
teddys/00000068.jpg,teddys
teddys/00000063.jpg,teddys
teddys/00000022.jpg,teddys
teddys/00000047.jpg,teddys
teddys/00000070.jpg,teddys
teddys/00000050.jpg,teddys
teddys/00000019.jpg,teddys
teddys/00000051.jpg,teddys
teddys/00000035.jpg,teddys
teddys/00000020.jpg,teddys
teddys/00000005.jpg,teddys
teddys/00000015.jpg,teddys
teddys/00000009.jpg,teddys
teddys/00000072.jpg,teddys
teddys/00000037.jpg,teddys
teddys/00000076.jpg,teddys
teddys/00000055.jpg,teddys
teddys/00000054.jpg,teddys
teddys/00000046.jpg,teddys
teddys/00000007.jpg,teddys
teddys/00000002.jpg,teddys
teddys/00000008.jpg,teddys
teddys/00000038.jpg,teddys
teddys/00000003.jpg,teddys
teddys/00000071.jpg,teddys
teddys/00000010.jpg,teddys
teddys/00000013.jpg,teddys
teddys/00000006.jpg,teddys
teddys/00000060.jpg,teddys
teddys/00000016.jpg,teddys
grizzly/00000012.jpg,grizzly
grizzly/00000044.jpg,grizzly
grizzly/00000004.jpg,grizzly
grizzly/00000067.jpg,grizzly
grizzly/00000033.jpg,grizzly
grizzly/00000029.jpg,grizzly
grizzly/00000011.jpg,grizzly
grizzly/00000073.jpg,grizzly
grizzly/00000065.jpg,grizzly
grizzly/00000040.jpg,grizzly
grizzly/00000062.jpg,grizzly
grizzly/00000057.jpg,grizzly
grizzly/00000056.jpg,grizzly
grizzly/00000024.jpg,grizzly
grizzly/00000049.jpg,grizzly
grizzly/00000059.jpg,grizzly
grizzly/00000023.jpg,grizzly
grizzly/00000018.jpg,grizzly
grizzly/00000027.jpg,grizzly
grizzly/00000028.jpg,grizzly
grizzly/00000031.jpg,grizzly
grizzly/00000000.jpg,grizzly
grizzly/00000066.jpg,grizzly
grizzly/00000077.jpg,grizzly
grizzly/00000034.jpg,grizzly
grizzly/00000001.jpg,grizzly
grizzly/00000078.jpg,grizzly
grizzly/00000061.jpg,grizzly
grizzly/00000042.jpg,grizzly
grizzly/00000053.jpg,grizzly
grizzly/00000032.jpg,grizzly
grizzly/00000043.jpg,grizzly
grizzly/00000048.jpg,grizzly
grizzly/00000075.jpg,grizzly
grizzly/00000021.jpg,grizzly
grizzly/00000069.jpg,grizzly
grizzly/00000014.jpg,grizzly
grizzly/00000041.jpg,grizzly
grizzly/00000045.jpg,grizzly
grizzly/00000064.jpg,grizzly
grizzly/00000026.jpg,grizzly
grizzly/00000025.jpg,grizzly
grizzly/00000017.jpg,grizzly
grizzly/00000039.jpg,grizzly
grizzly/00000079.jpg,grizzly
grizzly/00000036.jpg,grizzly
grizzly/00000052.jpg,grizzly
grizzly/00000030.jpg,grizzly
grizzly/00000058.jpg,grizzly
grizzly/00000068.jpg,grizzly
grizzly/00000063.jpg,grizzly
grizzly/00000022.jpg,grizzly
grizzly/00000047.jpg,grizzly
grizzly/00000070.jpg,grizzly
grizzly/00000050.jpg,grizzly
grizzly/00000019.jpg,grizzly
grizzly/00000051.jpg,grizzly
grizzly/00000035.jpg,grizzly
grizzly/00000020.jpg,grizzly
grizzly/00000005.jpg,grizzly
grizzly/00000015.jpg,grizzly
grizzly/00000009.jpg,grizzly
grizzly/00000072.jpg,grizzly
grizzly/00000037.jpg,grizzly
grizzly/00000076.jpg,grizzly
grizzly/00000055.jpg,grizzly
grizzly/00000054.jpg,grizzly
grizzly/00000046.jpg,grizzly
grizzly/00000007.jpg,grizzly
grizzly/00000002.jpg,grizzly
grizzly/00000008.jpg,grizzly
grizzly/00000038.jpg,grizzly
grizzly/00000003.jpg,grizzly
grizzly/00000071.jpg,grizzly
grizzly/00000010.jpg,grizzly
grizzly/00000013.jpg,grizzly
grizzly/00000006.jpg,grizzly
grizzly/00000060.jpg,grizzly
grizzly/00000016.jpg,grizzly
